"","Prevalence_Ascaris","AscAbundance","Prevalence_Jej","JejAbundance","Prevalence","TotalAbundance","Kingdom","Phylum","Class","Order","Family","Genus","Species","TotalReads","Rel_abund","Rel_prev","Rel_prev_Ascaris","Rel_prev_Jej","Rel_abund_Ascaris","Rel_abund_Jej"
"ASV750",0,0,2,75.0323087493767,2,75.0323087493767,"Bacteria","Firmicutes","Clostridia","Peptostreptococcales-Tissierellales","Peptostreptococcaceae","Romboutsia",NA,1e+06,0.00750323087493766,3.57142857142857,0,22.2222222222222,0,0.00750323087493766
"ASV46",12,189617.256043784,4,26285.3508322036,16,215902.606875988,"Bacteria","Firmicutes","Clostridia","Clostridiales","Clostridiaceae","Clostridium sensu stricto 1",NA,1e+06,21.5902606875988,28.5714285714286,25.531914893617,44.4444444444444,18.9617256043784,2.62853508322036
"ASV3436",0,0,2,220.912686788327,2,220.912686788327,"Bacteria","Actinobacteriota","Actinobacteria","Bifidobacteriales","Bifidobacteriaceae","Bifidobacterium",NA,1e+06,0.0220912686788327,3.57142857142857,0,22.2222222222222,0,0.0220912686788327
"ASV81",3,11341.8835642077,3,1325.46627784664,6,12667.3498420543,"Bacteria","Bacteroidota","Bacteroidia","Bacteroidales","Prevotellaceae","Prevotellaceae NK3B31 group",NA,1e+06,1.26673498420543,10.7142857142857,6.38297872340426,33.3333333333333,1.13418835642076,0.132546627784664
"ASV51",6,46168.1526245516,5,21355.9891130112,11,67524.1417375629,"Bacteria","Firmicutes","Clostridia","Peptostreptococcales-Tissierellales","Peptostreptococcaceae","Terrisporobacter",NA,1e+06,6.75241417375629,19.6428571428571,12.7659574468085,55.5555555555556,4.61681526245516,2.13559891130112
"ASV430",0,0,3,236.979030301718,3,236.979030301718,"Bacteria","Firmicutes","Bacilli","Lactobacillales","Lactobacillaceae","Lactobacillus",NA,1e+06,0.0236979030301718,5.35714285714286,0,33.3333333333333,0,0.0236979030301718
"ASV879",1,148.861211730263,3,314.716917359126,4,463.57812908939,"Bacteria","Firmicutes","Clostridia","Peptostreptococcales-Tissierellales","Peptostreptococcaceae","Romboutsia",NA,1e+06,0.046357812908939,7.14285714285714,2.12765957446809,33.3333333333333,0.0148861211730263,0.0314716917359126
"ASV151",6,22419.1610368563,3,7503.97143873352,9,29923.1324755898,"Bacteria","Firmicutes","Clostridia","Peptostreptococcales-Tissierellales","Peptostreptococcaceae","Romboutsia",NA,1e+06,2.99231324755898,16.0714285714286,12.7659574468085,33.3333333333333,2.24191610368563,0.750397143873352
"ASV1024",0,0,2,66.8299764280629,2,66.8299764280629,"Bacteria","Firmicutes","Bacilli","Erysipelotrichales","Erysipelotrichaceae","Turicibacter",NA,1e+06,0.00668299764280629,3.57142857142857,0,22.2222222222222,0,0.00668299764280629
"ASV1724",0,0,2,122.226041248847,2,122.226041248847,"Bacteria","Actinobacteriota","Actinobacteria","Bifidobacteriales","Bifidobacteriaceae","Pseudoscardovia",NA,1e+06,0.0122226041248847,3.57142857142857,0,22.2222222222222,0,0.0122226041248847
"ASV76",6,22733.1038514521,3,5200.75773126514,9,27933.8615827172,"Bacteria","Bacteroidota","Bacteroidia","Bacteroidales","Prevotellaceae","Prevotella",NA,1e+06,2.79338615827172,16.0714285714286,12.7659574468085,33.3333333333333,2.27331038514521,0.520075773126514
"ASV2023",0,0,2,55.1044476067131,2,55.1044476067131,"Bacteria","Firmicutes","Bacilli","Erysipelotrichales","Erysipelotrichaceae","Turicibacter",NA,1e+06,0.00551044476067131,3.57142857142857,0,22.2222222222222,0,0.00551044476067131
"ASV4",47,3596270.76089625,9,76419.279077802,56,3672690.03997405,"Bacteria","Proteobacteria","Gammaproteobacteria","Enterobacterales","Enterobacteriaceae","Escherichia-Shigella",NA,1e+06,367.269003997405,100,100,100,359.627076089625,7.6419279077802
"ASV1145",0,0,2,56.9443334728505,2,56.9443334728505,"Bacteria","Firmicutes","Clostridia","Clostridiales","Clostridiaceae","Clostridium sensu stricto 1",NA,1e+06,0.00569443334728505,3.57142857142857,0,22.2222222222222,0,0.00569443334728505
"ASV57",13,242687.429023361,4,65835.7399142382,17,308523.168937599,"Bacteria","Firmicutes","Bacilli","Lactobacillales","Lactobacillaceae","Lactobacillus","delbrueckii",1e+06,30.8523168937599,30.3571428571429,27.6595744680851,44.4444444444444,24.2687429023361,6.58357399142382
"ASV219",1,227.855311876958,2,231.525035964545,3,459.380347841503,"Bacteria","Bacteroidota","Bacteroidia","Bacteroidales","Prevotellaceae","Prevotella",NA,1e+06,0.0459380347841503,5.35714285714286,2.12765957446809,22.2222222222222,0.0227855311876958,0.0231525035964545
"ASV11",27,271271.39337447,7,46420.3246715616,34,317691.718046032,"Bacteria","Bacteroidota","Bacteroidia","Bacteroidales","Prevotellaceae","Prevotella",NA,1e+06,31.7691718046032,60.7142857142857,57.4468085106383,77.7777777777778,27.127139337447,4.64203246715616
"ASV207",5,9072.32555601941,5,2831.79570812635,10,11904.1212641458,"Bacteria","Firmicutes","Clostridia","Lachnospirales","Lachnospiraceae","Shuttleworthia",NA,1e+06,1.19041212641458,17.8571428571429,10.6382978723404,55.5555555555556,0.907232555601941,0.283179570812635
"ASV226",2,1442.6138539409,3,1828.59191959759,5,3271.20577353849,"Bacteria","Firmicutes","Clostridia","Peptococcales","Peptococcaceae","Peptococcus",NA,1e+06,0.327120577353849,8.92857142857143,4.25531914893617,33.3333333333333,0.14426138539409,0.182859191959759
"ASV184",6,11088.517037406,5,7075.44498312639,11,18163.9620205324,"Bacteria","Actinobacteriota","Actinobacteria","Bifidobacteriales","Bifidobacteriaceae","Bifidobacterium",NA,1e+06,1.81639620205324,19.6428571428571,12.7659574468085,55.5555555555556,1.1088517037406,0.707544498312639
"ASV38",17,51411.569992841,2,4750.22013679711,19,56161.7901296381,"Bacteria","Firmicutes","Negativicutes","Veillonellales-Selenomonadales","Selenomonadaceae","Anaerovibrio",NA,1e+06,5.61617901296381,33.9285714285714,36.1702127659575,22.2222222222222,5.1411569992841,0.475022013679711
"ASV124",4,27860.8946903547,0,0,4,27860.8946903547,"Bacteria","Firmicutes","Clostridia","Lachnospirales","Lachnospiraceae","Roseburia",NA,1e+06,2.78608946903547,7.14285714285714,8.51063829787234,0,2.78608946903547,0
"ASV1399",0,0,2,161.643183403306,2,161.643183403306,"Bacteria","Firmicutes","Bacilli","Lactobacillales","Lactobacillaceae","Lactobacillus",NA,1e+06,0.0161643183403306,3.57142857142857,0,22.2222222222222,0,0.0161643183403306
"ASV178",11,19430.5020927436,5,4046.3433056524,16,23476.845398396,"Bacteria","Firmicutes","Negativicutes","Veillonellales-Selenomonadales","Veillonellaceae","Megasphaera",NA,1e+06,2.3476845398396,28.5714285714286,23.4042553191489,55.5555555555556,1.94305020927436,0.40463433056524
"ASV5",38,1083203.44562614,9,448204.477672708,47,1531407.92329885,"Bacteria","Firmicutes","Clostridia","Peptostreptococcales-Tissierellales","Peptostreptococcaceae","Terrisporobacter",NA,1e+06,153.140792329885,83.9285714285714,80.8510638297872,100,108.320344562614,44.8204477672708
"ASV100",1,686.785440148669,5,2641.14821749569,6,3327.93365764436,"Bacteria","Firmicutes","Clostridia","Clostridiales","Clostridiaceae","Clostridium sensu stricto 1",NA,1e+06,0.332793365764436,10.7142857142857,2.12765957446809,55.5555555555556,0.0686785440148669,0.264114821749569
"ASV63",11,22641.5403974317,7,5760.83743493554,18,28402.3778323672,"Bacteria","Firmicutes","Clostridia","Oscillospirales","Ruminococcaceae","Subdoligranulum",NA,1e+06,2.84023778323672,32.1428571428571,23.4042553191489,77.7777777777778,2.26415403974317,0.576083743493554
"ASV367",3,4250.61151065183,0,0,3,4250.61151065183,"Bacteria","Firmicutes","Bacilli","Staphylococcales","Staphylococcaceae","Staphylococcus",NA,1e+06,0.425061151065183,5.35714285714286,6.38297872340426,0,0.425061151065183,0
"ASV4375",0,0,2,44.7423726690042,2,44.7423726690042,"Bacteria","Firmicutes","Bacilli","Lactobacillales","Lactobacillaceae","Lactobacillus",NA,1e+06,0.00447423726690042,3.57142857142857,0,22.2222222222222,0,0.00447423726690042
"ASV59",12,54418.9553202618,4,8233.47594712477,16,62652.4312673865,"Bacteria","Bacteroidota","Bacteroidia","Bacteroidales","Prevotellaceae","Prevotella",NA,1e+06,6.26524312673865,28.5714285714286,25.531914893617,44.4444444444444,5.44189553202617,0.823347594712476
"ASV9",32,1346024.64932126,9,285527.512119115,41,1631552.16144038,"Bacteria","Firmicutes","Bacilli","Erysipelotrichales","Erysipelotrichaceae","Turicibacter","sanguinis",1e+06,163.155216144038,73.2142857142857,68.0851063829787,100,134.602464932126,28.5527512119115
"ASV19",20,46212.6554601767,4,7857.99995745135,24,54070.655417628,"Bacteria","Proteobacteria","Gammaproteobacteria","Aeromonadales","Succinivibrionaceae","Succinivibrionaceae UCG-001",NA,1e+06,5.4070655417628,42.8571428571429,42.5531914893617,44.4444444444444,4.62126554601767,0.785799995745135
"ASV1201",0,0,3,88.0651203604382,3,88.0651203604382,"Bacteria","Firmicutes","Clostridia","Peptostreptococcales-Tissierellales","Peptostreptococcaceae","Asaccharospora",NA,1e+06,0.00880651203604382,5.35714285714286,0,33.3333333333333,0,0.00880651203604382
"ASV24",15,78517.3510957197,5,30688.7447106792,20,109206.095806399,"Bacteria","Bacteroidota","Bacteroidia","Bacteroidales","Prevotellaceae","Prevotella",NA,1e+06,10.9206095806399,35.7142857142857,31.9148936170213,55.5555555555556,7.85173510957197,3.06887447106792
"ASV2330",0,0,2,33.9215440150912,2,33.9215440150912,"Bacteria","Firmicutes","Bacilli","Lactobacillales","Lactobacillaceae","Lactobacillus",NA,1e+06,0.00339215440150912,3.57142857142857,0,22.2222222222222,0,0.00339215440150912
"ASV505",5,6096.56372695063,0,0,5,6096.56372695063,"Bacteria","Firmicutes","Bacilli","Lactobacillales","Streptococcaceae","Streptococcus",NA,1e+06,0.609656372695063,8.92857142857143,10.6382978723404,0,0.609656372695063,0
"ASV232",7,3002.82817095383,2,376.109245030136,9,3378.93741598397,"Bacteria","Firmicutes","Bacilli","Lactobacillales","Leuconostocaceae","Weissella",NA,1e+06,0.337893741598397,16.0714285714286,14.8936170212766,22.2222222222222,0.300282817095383,0.0376109245030136
"ASV119",1,831.101671437806,3,9804.24476308712,4,10635.3464345249,"Bacteria","Bacteroidota","Bacteroidia","Bacteroidales","Prevotellaceae","Prevotellaceae UCG-001",NA,1e+06,1.06353464345249,7.14285714285714,2.12765957446809,33.3333333333333,0.0831101671437806,0.980424476308712
"ASV40",31,309639.589204081,7,57191.840005044,38,366831.429209125,"Bacteria","Firmicutes","Bacilli","Lactobacillales","Lactobacillaceae","Lactobacillus",NA,1e+06,36.6831429209125,67.8571428571429,65.9574468085106,77.7777777777778,30.9639589204081,5.7191840005044
"ASV2707",0,0,2,44.7423726690042,2,44.7423726690042,"Bacteria","Firmicutes","Bacilli","Lactobacillales","Lactobacillaceae","Lactobacillus",NA,1e+06,0.00447423726690042,3.57142857142857,0,22.2222222222222,0,0.00447423726690042
"ASV1",47,17521709.4777624,9,802688.27494753,56,18324397.7527099,"Bacteria","Firmicutes","Clostridia","Clostridiales","Clostridiaceae","Clostridium sensu stricto 1",NA,1e+06,1832.43977527099,100,100,100,1752.17094777624,80.268827494753
"ASV28",18,185411.807124525,5,11253.3700102698,23,196665.177134795,"Bacteria","Proteobacteria","Gammaproteobacteria","Burkholderiales","Sutterellaceae","Parasutterella",NA,1e+06,19.6665177134795,41.0714285714286,38.2978723404255,55.5555555555556,18.5411807124525,1.12533700102698
"ASV85",8,3719.08931954599,2,7649.74783697032,10,11368.8371565163,"Bacteria","Bacteroidota","Bacteroidia","Bacteroidales","Prevotellaceae","Prevotella",NA,1e+06,1.13688371565163,17.8571428571429,17.0212765957447,22.2222222222222,0.371908931954599,0.764974783697032
"ASV106",9,20723.5923000477,6,5428.91524056377,15,26152.5075406115,"Bacteria","Firmicutes","Negativicutes","Veillonellales-Selenomonadales","Veillonellaceae","Dialister","succinatiphilus",1e+06,2.61525075406115,26.7857142857143,19.1489361702128,66.6666666666667,2.07235923000477,0.542891524056377
"ASV73",6,35663.847674698,0,0,6,35663.847674698,"Bacteria","Bacteroidota","Bacteroidia","Bacteroidales","Prevotellaceae","Prevotellaceae NK3B31 group",NA,1e+06,3.5663847674698,10.7142857142857,12.7659574468085,0,3.5663847674698,0
"ASV186",4,32317.0121624332,2,10060.3861025844,6,42377.3982650176,"Bacteria","Firmicutes","Bacilli","Lactobacillales","Lactobacillaceae","Lactobacillus",NA,1e+06,4.23773982650176,10.7142857142857,8.51063829787234,22.2222222222222,3.23170121624332,1.00603861025844
"ASV244",4,4070.01723594826,1,61.6532313999908,5,4131.67046734826,"Bacteria","Bacteroidota","Bacteroidia","Bacteroidales","Rikenellaceae","Rikenellaceae RC9 gut group",NA,1e+06,0.413167046734826,8.92857142857143,8.51063829787234,11.1111111111111,0.407001723594827,0.00616532313999908
"ASV312",3,230.690309281407,2,105.123932147687,5,335.814241429094,"Bacteria","Bacteroidota","Bacteroidia","Bacteroidales","Prevotellaceae","Prevotella",NA,1e+06,0.0335814241429094,8.92857142857143,6.38297872340426,22.2222222222222,0.0230690309281407,0.0105123932147687
"ASV105",12,28343.0336807647,3,1364.57617984249,15,29707.6098606072,"Bacteria","Firmicutes","Clostridia","Oscillospirales","Ruminococcaceae","Faecalibacterium",NA,1e+06,2.97076098606072,26.7857142857143,25.531914893617,33.3333333333333,2.83430336807647,0.136457617984249
"ASV944",0,0,3,70.0894872717704,3,70.0894872717704,"Bacteria","Firmicutes","Clostridia","Clostridiales","Clostridiaceae","Clostridium sensu stricto 1",NA,1e+06,0.00700894872717704,5.35714285714286,0,33.3333333333333,0,0.00700894872717704
"ASV960",1,175.223409847556,2,69.6962407213447,3,244.9196505689,"Bacteria","Firmicutes","Bacilli","Lactobacillales","Lactobacillaceae","Lactobacillus",NA,1e+06,0.02449196505689,5.35714285714286,2.12765957446809,22.2222222222222,0.0175223409847556,0.00696962407213447
"ASV99",3,34128.5935033261,4,34501.2908855954,7,68629.8843889215,"Bacteria","Firmicutes","Clostridia","Peptostreptococcales-Tissierellales","Peptostreptococcaceae","Romboutsia",NA,1e+06,6.86298843889215,12.5,6.38297872340426,44.4444444444444,3.41285935033261,3.45012908855954
"ASV970",0,0,2,141.814698965075,2,141.814698965075,"Bacteria","Firmicutes","Bacilli","Lactobacillales","Lactobacillaceae","Lactobacillus",NA,1e+06,0.0141814698965075,3.57142857142857,0,22.2222222222222,0,0.0141814698965075
"ASV238",3,2429.04768667245,4,2985.46466691043,7,5414.51235358288,"Bacteria","Firmicutes","Bacilli","Lactobacillales","Lactobacillaceae","Lactobacillus",NA,1e+06,0.541451235358288,12.5,6.38297872340426,44.4444444444444,0.242904768667245,0.298546466691043
"ASV29",24,447802.483258725,5,31007.7797724424,29,478810.263031167,"Bacteria","Firmicutes","Bacilli","Lactobacillales","Lactobacillaceae","Lactobacillus","pontis",1e+06,47.8810263031167,51.7857142857143,51.063829787234,55.5555555555556,44.7802483258725,3.10077797724424
"ASV855",0,0,2,51.1880045562512,2,51.1880045562512,"Bacteria","Firmicutes","Bacilli","Lactobacillales","Lactobacillaceae","Lactobacillus",NA,1e+06,0.00511880045562512,3.57142857142857,0,22.2222222222222,0,0.00511880045562512
"ASV176",1,639.795265515035,2,626.772341120039,3,1266.56760663507,"Bacteria","Spirochaetota","Spirochaetia","Spirochaetales","Spirochaetaceae","Treponema",NA,1e+06,0.126656760663507,5.35714285714286,2.12765957446809,22.2222222222222,0.0639795265515035,0.0626772341120039
"ASV1328",0,0,3,169.627288310717,3,169.627288310717,"Bacteria","Actinobacteriota","Actinobacteria","Bifidobacteriales","Bifidobacteriaceae","Pseudoscardovia",NA,1e+06,0.0169627288310717,5.35714285714286,0,33.3333333333333,0,0.0169627288310717
"ASV108",5,8232.31799053165,3,1877.94644365149,8,10110.2644341831,"Bacteria","Firmicutes","Clostridia","Oscillospirales","Ruminococcaceae","Ruminococcus",NA,1e+06,1.01102644341831,14.2857142857143,10.6382978723404,33.3333333333333,0.823231799053165,0.187794644365149
"ASV45",17,303949.492151578,5,39568.9500945521,22,343518.44224613,"Bacteria","Actinobacteriota","Actinobacteria","Bifidobacteriales","Bifidobacteriaceae","Pseudoscardovia","suis",1e+06,34.351844224613,39.2857142857143,36.1702127659575,55.5555555555556,30.3949492151578,3.95689500945521
"ASV455",0,0,3,496.73775703362,3,496.73775703362,"Bacteria","Firmicutes","Clostridia","Peptostreptococcales-Tissierellales","Peptostreptococcaceae","Asaccharospora",NA,1e+06,0.049673775703362,5.35714285714286,0,33.3333333333333,0,0.049673775703362
"ASV457",1,65.5179191508878,2,279.043167453972,3,344.56108660486,"Bacteria","Firmicutes","Bacilli","Lactobacillales","Leuconostocaceae","Weissella",NA,1e+06,0.034456108660486,5.35714285714286,2.12765957446809,22.2222222222222,0.00655179191508878,0.0279043167453972
"ASV1723",0,0,2,51.581251106677,2,51.581251106677,"Bacteria","Firmicutes","Bacilli","Lactobacillales","Lactobacillaceae","Lactobacillus",NA,1e+06,0.0051581251106677,3.57142857142857,0,22.2222222222222,0,0.0051581251106677
"ASV152",1,2681.36451660956,2,1299.71318444478,3,3981.07770105434,"Bacteria","Firmicutes","Clostridia","Oscillospirales","Ruminococcaceae","Subdoligranulum",NA,1e+06,0.398107770105434,5.35714285714286,2.12765957446809,22.2222222222222,0.268136451660956,0.129971318444478
"ASV56",9,26323.1347807756,1,400.74600409994,10,26723.8807848755,"Bacteria","Firmicutes","Negativicutes","Veillonellales-Selenomonadales","Selenomonadaceae","Anaerovibrio",NA,1e+06,2.67238807848755,17.8571428571429,19.1489361702128,11.1111111111111,2.63231347807756,0.040074600409994
"ASV53",10,8674.19616594769,3,8514.12342122871,13,17188.3195871764,"Bacteria","Firmicutes","Negativicutes","Veillonellales-Selenomonadales","Selenomonadaceae","Anaerovibrio",NA,1e+06,1.71883195871764,23.2142857142857,21.2765957446809,33.3333333333333,0.867419616594769,0.851412342122871
"ASV115",2,1127.11967879632,2,3204.18777028181,4,4331.30744907813,"Bacteria","Fibrobacterota","Fibrobacteria","Fibrobacterales","Fibrobacteraceae","Fibrobacter","intestinalis",1e+06,0.433130744907813,7.14285714285714,4.25531914893617,22.2222222222222,0.112711967879632,0.320418777028181
"ASV17",12,75977.2528650816,2,4923.90769877395,14,80901.1605638556,"Bacteria","Firmicutes","Bacilli","Lactobacillales","Streptococcaceae","Streptococcus","alactolyticus",1e+06,8.09011605638556,25,25.531914893617,22.2222222222222,7.59772528650816,0.492390769877395
"ASV72",8,23047.8989900338,2,3878.50859825522,10,26926.407588289,"Bacteria","Bacteroidota","Bacteroidia","Bacteroidales","Prevotellaceae","Prevotella",NA,1e+06,2.6926407588289,17.8571428571429,17.0212765957447,22.2222222222222,2.30478989900338,0.387850859825522
"ASV2",47,6411668.29211657,9,2126263.34018441,56,8537931.63230097,"Bacteria","Firmicutes","Bacilli","Lactobacillales","Lactobacillaceae","Lactobacillus",NA,1e+06,853.793163230097,100,100,100,641.166829211656,212.626334018441
"ASV58",12,97564.5762991464,3,2504.78240772572,15,100069.358706872,"Bacteria","Proteobacteria","Gammaproteobacteria","Burkholderiales","Sutterellaceae","Parasutterella",NA,1e+06,10.0069358706872,26.7857142857143,25.531914893617,33.3333333333333,9.75645762991464,0.250478240772572
"ASV77",13,51398.0121795293,2,2944.42672790122,15,54342.4389074305,"Bacteria","Firmicutes","Bacilli","Lactobacillales","Streptococcaceae","Streptococcus","hyointestinalis",1e+06,5.43424389074305,26.7857142857143,27.6595744680851,22.2222222222222,5.13980121795293,0.294442672790122
"ASV221",1,876.040297853701,2,2117.74141140662,3,2993.78170926032,"Bacteria","Bacteroidota","Bacteroidia","Bacteroidales","Rikenellaceae","Rikenellaceae RC9 gut group",NA,1e+06,0.299378170926032,5.35714285714286,2.12765957446809,22.2222222222222,0.0876040297853701,0.211774141140662
"ASV807",0,0,2,121.934424034776,2,121.934424034776,"Bacteria","Actinobacteriota","Actinobacteria","Bifidobacteriales","Bifidobacteriaceae","Pseudoscardovia",NA,1e+06,0.0121934424034776,3.57142857142857,0,22.2222222222222,0,0.0121934424034776
"ASV2019",1,38.550501156515,2,51.7941220948283,3,90.3446232513433,"Bacteria","Firmicutes","Bacilli","Lactobacillales","Lactobacillaceae","Lactobacillus",NA,1e+06,0.00903446232513433,5.35714285714286,2.12765957446809,22.2222222222222,0.0038550501156515,0.00517941220948282
"ASV203",0,0,4,4171.67029513617,4,4171.67029513617,"Bacteria","Firmicutes","Bacilli","Lactobacillales","Lactobacillaceae","Lactobacillus",NA,1e+06,0.417167029513617,7.14285714285714,0,44.4444444444444,0,0.417167029513617
"ASV187",3,1950.3585184083,0,0,3,1950.3585184083,"Bacteria","Bacteroidota","Bacteroidia","Bacteroidales","Prevotellaceae","Prevotella",NA,1e+06,0.19503585184083,5.35714285714286,6.38297872340426,0,0.19503585184083,0
"ASV315",2,5242.57215364588,0,0,2,5242.57215364588,"Bacteria","Firmicutes","Clostridia","Lachnospirales","Lachnospiraceae","Anaerosporobacter",NA,1e+06,0.524257215364588,3.57142857142857,4.25531914893617,0,0.524257215364588,0
"ASV111",4,9802.62181693786,0,0,4,9802.62181693786,"Bacteria","Bacteroidota","Bacteroidia","Bacteroidales","Prevotellaceae","Prevotellaceae NK3B31 group",NA,1e+06,0.980262181693786,7.14285714285714,8.51063829787234,0,0.980262181693786,0
"ASV310",3,1338.70284527879,3,1308.86202193677,6,2647.56486721556,"Bacteria","Firmicutes","Clostridia","Lachnospirales","Lachnospiraceae","Lachnospira",NA,1e+06,0.264756486721556,10.7142857142857,6.38297872340426,33.3333333333333,0.133870284527879,0.130886202193677
"ASV1329",0,0,2,227.621675878764,2,227.621675878764,"Bacteria","Firmicutes","Bacilli","Erysipelotrichales","Erysipelotrichaceae","Solobacterium",NA,1e+06,0.0227621675878764,3.57142857142857,0,22.2222222222222,0,0.0227621675878764
"ASV60",14,74271.802018704,4,47513.0602014843,18,121784.862220188,"Bacteria","Firmicutes","Bacilli","Lactobacillales","Lactobacillaceae","Lactobacillus","delbrueckii",1e+06,12.1784862220188,32.1428571428571,29.7872340425532,44.4444444444444,7.42718020187039,4.75130602014843
"ASV133",8,16663.110695328,3,3201.85554640576,11,19864.9662417337,"Bacteria","Firmicutes","Clostridia","Oscillospirales","Ruminococcaceae","Subdoligranulum",NA,1e+06,1.98649662417337,19.6428571428571,17.0212765957447,33.3333333333333,1.6663110695328,0.320185554640576
"ASV147",4,3770.40920801822,1,434.707007476961,5,4205.11621549518,"Bacteria","Fibrobacterota","Fibrobacteria","Fibrobacterales","Fibrobacteraceae","Fibrobacter",NA,1e+06,0.420511621549518,8.92857142857143,8.51063829787234,11.1111111111111,0.377040920801822,0.0434707007476961
"ASV32",15,66378.1277326071,3,26404.7707642728,18,92782.89849688,"Bacteria","Bacteroidota","Bacteroidia","Bacteroidales","Prevotellaceae","Prevotella",NA,1e+06,9.278289849688,32.1428571428571,31.9148936170213,33.3333333333333,6.63781277326071,2.64047707642728
"ASV74",8,12342.5163404625,4,14594.3629810315,12,26936.8793214941,"Bacteria","Bacteroidota","Bacteroidia","Bacteroidales","Prevotellaceae","Prevotellaceae UCG-003",NA,1e+06,2.69368793214941,21.4285714285714,17.0212765957447,44.4444444444444,1.23425163404625,1.45943629810315
"ASV66",8,18223.1489285542,1,3014.77238468496,9,21237.9213132392,"Bacteria","Firmicutes","Clostridia","Lachnospirales","Lachnospiraceae","Lachnospira",NA,1e+06,2.12379213132392,16.0714285714286,17.0212765957447,11.1111111111111,1.82231489285542,0.301477238468496
"ASV4708",0,0,2,38.9860437524049,2,38.9860437524049,"Bacteria","Firmicutes","Bacilli","Lactobacillales","Streptococcaceae","Streptococcus",NA,1e+06,0.00389860437524049,3.57142857142857,0,22.2222222222222,0,0.00389860437524049
"ASV231",2,1949.50083941172,5,1771.41284711392,7,3720.91368652564,"Bacteria","Firmicutes","Clostridia","Peptococcales","Peptococcaceae","Peptococcus",NA,1e+06,0.372091368652564,12.5,4.25531914893617,55.5555555555556,0.194950083941171,0.177141284711392
"ASV94",7,17708.3536368812,2,3561.46307363405,9,21269.8167105152,"Bacteria","Bacteroidota","Bacteroidia","Bacteroidales","Prevotellaceae","Prevotellaceae NK3B31 group",NA,1e+06,2.12698167105152,16.0714285714286,14.8936170212766,22.2222222222222,1.77083536368812,0.356146307363405
"ASV171",30,126364.435665902,0,0,30,126364.435665902,"Bacteria","Proteobacteria","Gammaproteobacteria","Pseudomonadales","Pseudomonadaceae","Pseudomonas",NA,1e+06,12.6364435665901,53.5714285714286,63.8297872340426,0,12.6364435665901,0
"ASV128",4,1454.41279641162,3,391.187862766185,7,1845.60065917781,"Bacteria","Bacteroidota","Bacteroidia","Bacteroidales","Prevotellaceae","Prevotella",NA,1e+06,0.184560065917781,12.5,8.51063829787234,33.3333333333333,0.145441279641162,0.0391187862766185
"ASV80",9,33430.4003710485,1,148.887069158044,10,33579.2874402066,"Bacteria","Firmicutes","Clostridia","Lachnospirales","Lachnospiraceae","Agathobacter",NA,1e+06,3.35792874402066,17.8571428571429,19.1489361702128,11.1111111111111,3.34304003710486,0.0148887069158044
"ASV149",8,15810.2906587872,4,1777.0340609872,12,17587.3247197744,"Bacteria","Firmicutes","Clostridia","Lachnospirales","Lachnospiraceae","Marvinbryantia",NA,1e+06,1.75873247197744,21.4285714285714,17.0212765957447,44.4444444444444,1.58102906587872,0.17770340609872
"ASV44",11,58108.7398298209,5,18325.4548194204,16,76434.1946492413,"Bacteria","Bacteroidota","Bacteroidia","Bacteroidales","Prevotellaceae","Prevotellaceae NK3B31 group",NA,1e+06,7.64341946492413,28.5714285714286,23.4042553191489,55.5555555555556,5.81087398298209,1.83254548194204
"ASV35",31,191740.196827845,8,64840.2010562425,39,256580.397884087,"Bacteria","Firmicutes","Negativicutes","Veillonellales-Selenomonadales","Veillonellaceae","Megasphaera",NA,1e+06,25.6580397884087,69.6428571428571,65.9574468085106,88.8888888888889,19.1740196827845,6.48402010562425
"ASV36",18,225814.394241225,5,107583.166878553,23,333397.561119778,"Bacteria","Actinobacteriota","Actinobacteria","Bifidobacteriales","Bifidobacteriaceae","Bifidobacterium",NA,1e+06,33.3397561119778,41.0714285714286,38.2978723404255,55.5555555555556,22.5814394241225,10.7583166878553
"ASV62",39,563246.520007762,1,398.667979925895,40,563645.187987688,"Bacteria","Proteobacteria","Gammaproteobacteria","Enterobacterales","Enterobacteriaceae","Escherichia-Shigella",NA,1e+06,56.3645187987688,71.4285714285714,82.9787234042553,11.1111111111111,56.3246520007762,0.0398667979925895
"ASV47",16,246028.426202923,3,27528.4666691588,19,273556.892872082,"Bacteria","Firmicutes","Bacilli","Lactobacillales","Lactobacillaceae","Lactobacillus","pontis",1e+06,27.3556892872082,33.9285714285714,34.0425531914894,33.3333333333333,24.6028426202923,2.75284666691588
"ASV252",9,1987.23060845713,3,859.157516524253,12,2846.38812498138,"Bacteria","Firmicutes","Bacilli","Lactobacillales","Lactobacillaceae","Lactobacillus",NA,1e+06,0.284638812498138,21.4285714285714,19.1489361702128,33.3333333333333,0.198723060845713,0.0859157516524253
"ASV1085",1,56.9638279692395,2,139.056447867777,3,196.020275837017,"Bacteria","Firmicutes","Bacilli","Lactobacillales","Lactobacillaceae","Lactobacillus",NA,1e+06,0.0196020275837017,5.35714285714286,2.12765957446809,22.2222222222222,0.00569638279692395,0.0139056447867777
"ASV2257",0,0,2,88.1266478801192,2,88.1266478801192,"Bacteria","Firmicutes","Negativicutes","Veillonellales-Selenomonadales","Veillonellaceae","Megasphaera",NA,1e+06,0.00881266478801192,3.57142857142857,0,22.2222222222222,0,0.00881266478801192
"ASV112",0,0,2,3457.85766918363,2,3457.85766918363,"Bacteria","Bacteroidota","Bacteroidia","Bacteroidales","Prevotellaceae","Prevotella",NA,1e+06,0.345785766918363,3.57142857142857,0,22.2222222222222,0,0.345785766918363
"ASV3043",0,0,2,25.8970610474141,2,25.8970610474141,"Bacteria","Firmicutes","Bacilli","Lactobacillales","Lactobacillaceae","Lactobacillus",NA,1e+06,0.00258970610474141,3.57142857142857,0,22.2222222222222,0,0.00258970610474141
"ASV426",0,0,2,692.139302727623,2,692.139302727623,"Bacteria","Actinobacteriota","Actinobacteria","Bifidobacteriales","Bifidobacteriaceae","Bifidobacterium",NA,1e+06,0.0692139302727623,3.57142857142857,0,22.2222222222222,0,0.0692139302727623
"ASV266",0,0,2,1241.47322306028,2,1241.47322306028,"Bacteria","Actinobacteriota","Actinobacteria","Bifidobacteriales","Bifidobacteriaceae","Bifidobacterium",NA,1e+06,0.124147322306028,3.57142857142857,0,22.2222222222222,0,0.124147322306028
"ASV26",16,78774.8382734833,3,1090.09866134459,19,79864.9369348278,"Bacteria","Firmicutes","Negativicutes","Veillonellales-Selenomonadales","Selenomonadaceae","Anaerovibrio",NA,1e+06,7.98649369348278,33.9285714285714,34.0425531914894,33.3333333333333,7.87748382734832,0.109009866134459
"ASV277",3,1876.43270915002,3,3000.97343740569,6,4877.40614655571,"Bacteria","Actinobacteriota","Coriobacteriia","Coriobacteriales","Atopobiaceae","Olsenella",NA,1e+06,0.487740614655571,10.7142857142857,6.38297872340426,33.3333333333333,0.187643270915002,0.300097343740569
"ASV248",1,4882.51449496491,2,3800.4925429398,3,8683.00703790471,"Bacteria","Firmicutes","Negativicutes","Veillonellales-Selenomonadales","Veillonellaceae","Megasphaera",NA,1e+06,0.868300703790471,5.35714285714286,2.12765957446809,22.2222222222222,0.488251449496491,0.38004925429398
"ASV462",0,0,4,314.002568385703,4,314.002568385703,"Bacteria","Firmicutes","Clostridia","Clostridiales","Clostridiaceae","Clostridium sensu stricto 1",NA,1e+06,0.0314002568385703,7.14285714285714,0,44.4444444444444,0,0.0314002568385703
"ASV308",3,1353.58388152883,1,1402.61101434979,4,2756.19489587862,"Bacteria","Firmicutes","Clostridia","Peptostreptococcales-Tissierellales","Anaerovoracaceae","[Eubacterium] nodatum group",NA,1e+06,0.275619489587862,7.14285714285714,6.38297872340426,11.1111111111111,0.135358388152883,0.140261101434979
"ASV75",10,36918.7925818131,2,2418.58076914625,12,39337.3733509594,"Bacteria","Bacteroidota","Bacteroidia","Bacteroidales","Prevotellaceae","Prevotellaceae NK3B31 group",NA,1e+06,3.93373733509594,21.4285714285714,21.2765957446809,22.2222222222222,3.69187925818131,0.241858076914625
"ASV71",9,33567.2816942371,2,818.921939898394,11,34386.2036341355,"Bacteria","Proteobacteria","Gammaproteobacteria","Burkholderiales","Sutterellaceae","Parasutterella",NA,1e+06,3.43862036341355,19.6428571428571,19.1489361702128,22.2222222222222,3.35672816942371,0.0818921939898394
"ASV155",4,19910.3345958424,2,442.696041210755,6,20353.0306370532,"Bacteria","Firmicutes","Negativicutes","Veillonellales-Selenomonadales","Veillonellaceae","Dialister",NA,1e+06,2.03530306370532,10.7142857142857,8.51063829787234,22.2222222222222,1.99103345958424,0.0442696041210755
"ASV37",19,52379.613490425,8,20639.5144824794,27,73019.1279729044,"Bacteria","Firmicutes","Clostridia","Clostridiales","Clostridiaceae","Clostridium sensu stricto 1","butyricum",1e+06,7.30191279729044,48.2142857142857,40.4255319148936,88.8888888888889,5.2379613490425,2.06395144824794
"ASV50",19,146053.413861668,5,31900.9403115618,24,177954.35417323,"Bacteria","Firmicutes","Bacilli","Erysipelotrichales","Erysipelatoclostridiaceae","Erysipelotrichaceae UCG-002","bacterium",1e+06,17.795435417323,42.8571428571429,40.4255319148936,55.5555555555556,14.6053413861668,3.19009403115618
"ASV156",6,23715.1099095207,0,0,6,23715.1099095207,"Bacteria","Firmicutes","Clostridia","Clostridiales","Clostridiaceae","Clostridium sensu stricto 1",NA,1e+06,2.37151099095207,10.7142857142857,12.7659574468085,0,2.37151099095207,0
"ASV328",3,9592.28712792634,0,0,3,9592.28712792634,"Bacteria","Firmicutes","Bacilli","Lactobacillales","Streptococcaceae","Streptococcus",NA,1e+06,0.959228712792634,5.35714285714286,6.38297872340426,0,0.959228712792634,0
"ASV31",20,159705.690624769,7,82921.3566294661,27,242627.047254235,"Bacteria","Firmicutes","Bacilli","Lactobacillales","Lactobacillaceae","Lactobacillus",NA,1e+06,24.2627047254235,48.2142857142857,42.5531914893617,77.7777777777778,15.9705690624769,8.2921356629466
"ASV1097",2,807.908304415091,0,0,2,807.908304415091,"Bacteria","Actinobacteriota","Actinobacteria","Bifidobacteriales","Bifidobacteriaceae","Pseudoscardovia",NA,1e+06,0.0807908304415091,3.57142857142857,4.25531914893617,0,0.0807908304415091,0
"ASV82",3,2886.57003488549,2,3479.47737742674,5,6366.04741231223,"Bacteria","Bacteroidota","Bacteroidia","Bacteroidales","Prevotellaceae","Prevotella",NA,1e+06,0.636604741231224,8.92857142857143,6.38297872340426,22.2222222222222,0.288657003488549,0.347947737742674
"ASV1036",0,0,2,86.7578375707265,2,86.7578375707265,"Bacteria","Firmicutes","Clostridia","Peptostreptococcales-Tissierellales","Peptostreptococcaceae","Asaccharospora",NA,1e+06,0.00867578375707265,3.57142857142857,0,22.2222222222222,0,0.00867578375707265
"ASV42",14,77174.2289029844,5,20484.4416499113,19,97658.6705528957,"Bacteria","Bacteroidota","Bacteroidia","Bacteroidales","Prevotellaceae","Prevotella",NA,1e+06,9.76586705528957,33.9285714285714,29.7872340425532,55.5555555555556,7.71742289029844,2.04844416499113
"ASV181",2,416.253492096016,2,169.519816702172,4,585.773308798188,"Bacteria","Bacteroidota","Bacteroidia","Bacteroidales","Prevotellaceae","Prevotella",NA,1e+06,0.0585773308798188,7.14285714285714,4.25531914893617,22.2222222222222,0.0416253492096016,0.0169519816702172
"ASV34",14,97372.950360065,3,10228.2873636507,17,107601.237723716,"Bacteria","Bacteroidota","Bacteroidia","Bacteroidales","Prevotellaceae","Prevotellaceae NK3B31 group",NA,1e+06,10.7601237723716,30.3571428571429,29.7872340425532,33.3333333333333,9.7372950360065,1.02282873636507
"ASV12",25,77102.8067128066,6,41285.3554657289,31,118388.162178536,"Bacteria","Proteobacteria","Gammaproteobacteria","Aeromonadales","Succinivibrionaceae","Succinivibrio",NA,1e+06,11.8388162178536,55.3571428571429,53.1914893617021,66.6666666666667,7.71028067128066,4.12853554657289
"ASV423",0,0,2,112.498104627036,2,112.498104627036,"Bacteria","Bacteroidota","Bacteroidia","Bacteroidales","Prevotellaceae","Prevotellaceae NK3B31 group",NA,1e+06,0.0112498104627036,3.57142857142857,0,22.2222222222222,0,0.0112498104627036
"ASV83",18,73490.168458608,5,38906.6105996783,23,112396.779058286,"Bacteria","Actinobacteriota","Coriobacteriia","Coriobacteriales","Atopobiaceae","Olsenella",NA,1e+06,11.2396779058286,41.0714285714286,38.2978723404255,55.5555555555556,7.3490168458608,3.89066105996783
"ASV121",4,8232.47886211951,1,1105.41654105115,5,9337.89540317067,"Bacteria","Bacteroidota","Bacteroidia","Bacteroidales","Prevotellaceae","Alloprevotella",NA,1e+06,0.933789540317067,8.92857142857143,8.51063829787234,11.1111111111111,0.823247886211951,0.110541654105115
"ASV212",3,16881.8018085308,1,3329.2744955995,4,20211.0763041303,"Bacteria","Firmicutes","Bacilli","Lactobacillales","Lactobacillaceae","Lactobacillus",NA,1e+06,2.02110763041303,7.14285714285714,6.38297872340426,11.1111111111111,1.68818018085308,0.33292744955995
"ASV25",25,131830.039939112,5,13413.3610374255,30,145243.400976537,"Bacteria","Bacteroidota","Bacteroidia","Bacteroidales","Prevotellaceae","Prevotella","copri",1e+06,14.5243400976537,53.5714285714286,53.1914893617021,55.5555555555556,13.1830039939112,1.34133610374255
"ASV548",1,602.137588438958,2,213.864670631346,3,816.002259070304,"Bacteria","Firmicutes","Clostridia","Oscillospirales","Ruminococcaceae","Incertae Sedis",NA,1e+06,0.0816002259070304,5.35714285714286,2.12765957446809,22.2222222222222,0.0602137588438958,0.0213864670631346
"ASV145",2,7865.90487601692,3,3055.27754452821,5,10921.1824205451,"Bacteria","Firmicutes","Clostridia","Oscillospirales","Oscillospiraceae","UCG-005",NA,1e+06,1.09211824205451,8.92857142857143,4.25531914893617,33.3333333333333,0.786590487601691,0.305527754452821
"ASV18",31,634370.335993354,4,27064.4432901182,35,661434.779283472,"Bacteria","Firmicutes","Clostridia","Clostridiales","Clostridiaceae","Clostridium sensu stricto 1",NA,1e+06,66.1434779283472,62.5,65.9574468085106,44.4444444444444,63.4370335993353,2.70644432901182
"ASV955",2,112.643038928996,4,302.345795990662,6,414.988834919658,"Bacteria","Firmicutes","Clostridia","Peptostreptococcales-Tissierellales","Peptostreptococcaceae","Romboutsia",NA,1e+06,0.0414988834919658,10.7142857142857,4.25531914893617,44.4444444444444,0.0112643038928996,0.0302345795990662
"ASV313",0,0,2,385.516697426386,2,385.516697426386,"Bacteria","Firmicutes","Clostridia","Lachnospirales","Lachnospiraceae","Cellulosilyticum",NA,1e+06,0.0385516697426386,3.57142857142857,0,22.2222222222222,0,0.0385516697426386
"ASV883",2,313.858797281366,2,130.13675635609,4,443.995553637456,"Bacteria","Firmicutes","Clostridia","Peptostreptococcales-Tissierellales","Peptostreptococcaceae","Romboutsia",NA,1e+06,0.0443995553637456,7.14285714285714,4.25531914893617,22.2222222222222,0.0313858797281366,0.013013675635609
"ASV102",7,24018.9736179288,2,2751.31097155117,9,26770.28458948,"Bacteria","Bacteroidota","Bacteroidia","Bacteroidales","Prevotellaceae","Prevotellaceae NK3B31 group",NA,1e+06,2.677028458948,16.0714285714286,14.8936170212766,22.2222222222222,2.40189736179288,0.275131097155117
"ASV1074",0,0,2,110.98808326508,2,110.98808326508,"Bacteria","Firmicutes","Bacilli","Lactobacillales","Lactobacillaceae","Lactobacillus",NA,1e+06,0.011098808326508,3.57142857142857,0,22.2222222222222,0,0.011098808326508
"ASV1936",0,0,2,88.1266478801192,2,88.1266478801192,"Bacteria","Firmicutes","Bacilli","Lactobacillales","Lactobacillaceae","Lactobacillus",NA,1e+06,0.00881266478801192,3.57142857142857,0,22.2222222222222,0,0.00881266478801192
"ASV1496",0,0,2,96.5418511895842,2,96.5418511895842,"Bacteria","Firmicutes","Bacilli","Lactobacillales","Lactobacillaceae","Lactobacillus",NA,1e+06,0.00965418511895843,3.57142857142857,0,22.2222222222222,0,0.00965418511895843
"ASV27",14,92152.8958471726,4,14443.2271498021,18,106596.122996975,"Bacteria","Bacteroidota","Bacteroidia","Bacteroidales","Prevotellaceae","Prevotellaceae NK3B31 group",NA,1e+06,10.6596122996975,32.1428571428571,29.7872340425532,44.4444444444444,9.21528958471726,1.44432271498021
"ASV167",4,6614.91227182101,1,759.301442672741,5,7374.21371449375,"Bacteria","Bacteroidota","Bacteroidia","Bacteroidales","Rikenellaceae","Rikenellaceae RC9 gut group",NA,1e+06,0.737421371449375,8.92857142857143,8.51063829787234,11.1111111111111,0.661491227182101,0.0759301442672741
"ASV2727",0,0,2,73.9551156540549,2,73.9551156540549,"Bacteria","Actinobacteriota","Coriobacteriia","Coriobacteriales","Eggerthellaceae","Denitrobacterium",NA,1e+06,0.0073955115654055,3.57142857142857,0,22.2222222222222,0,0.0073955115654055
"ASV118",8,22276.8228807244,0,0,8,22276.8228807244,"Bacteria","Bacteroidota","Bacteroidia","Bacteroidales","Prevotellaceae","Prevotellaceae NK3B31 group",NA,1e+06,2.22768228807244,14.2857142857143,17.0212765957447,0,2.22768228807244,0
"ASV78",7,33722.8548352924,2,499.94672968239,9,34222.8015649748,"Bacteria","Bacteroidota","Bacteroidia","Bacteroidales","Prevotellaceae","Prevotella",NA,1e+06,3.42228015649748,16.0714285714286,14.8936170212766,22.2222222222222,3.37228548352924,0.049994672968239
"ASV101",8,4653.62609531132,4,22899.8076827953,12,27553.4337781066,"Bacteria","Firmicutes","Bacilli","Lactobacillales","Lactobacillaceae","Lactobacillus",NA,1e+06,2.75534337781066,21.4285714285714,17.0212765957447,44.4444444444444,0.465362609531132,2.28998076827953
"ASV30",35,236621.899727612,7,39718.5513353327,42,276340.451062944,"Bacteria","Firmicutes","Bacilli","Lactobacillales","Lactobacillaceae","Lactobacillus","reuteri",1e+06,27.6340451062944,75,74.468085106383,77.7777777777778,23.6621899727612,3.97185513353327
"ASV321",1,40.399143538157,2,94.3713957216854,3,134.770539259842,"Bacteria","Firmicutes","Bacilli","Lactobacillales","Streptococcaceae","Streptococcus",NA,1e+06,0.0134770539259842,5.35714285714286,2.12765957446809,22.2222222222222,0.0040399143538157,0.00943713957216854
"ASV652",0,0,2,138.78110437546,2,138.78110437546,"Bacteria","Firmicutes","Bacilli","Lactobacillales","Lactobacillaceae","Lactobacillus",NA,1e+06,0.013878110437546,3.57142857142857,0,22.2222222222222,0,0.013878110437546
"ASV1339",0,0,2,216.109018045566,2,216.109018045566,"Bacteria","Firmicutes","Bacilli","Erysipelotrichales","Erysipelotrichaceae","Solobacterium",NA,1e+06,0.0216109018045566,3.57142857142857,0,22.2222222222222,0,0.0216109018045566
"ASV228",4,16321.4777435019,0,0,4,16321.4777435019,"Bacteria","Bacteroidota","Bacteroidia","Bacteroidales","Prevotellaceae","Prevotella",NA,1e+06,1.63214777435019,7.14285714285714,8.51063829787234,0,1.63214777435019,0
"ASV210",6,41746.310098891,4,4404.79769435457,10,46151.1077932456,"Bacteria","Firmicutes","Bacilli","Lactobacillales","Streptococcaceae","Streptococcus","porcorum",1e+06,4.61511077932456,17.8571428571429,12.7659574468085,44.4444444444444,4.1746310098891,0.440479769435457
"ASV263",2,439.145939322834,0,0,2,439.145939322834,"Bacteria","Bacteroidota","Bacteroidia","Bacteroidales","Prevotellaceae","Alloprevotella",NA,1e+06,0.0439145939322834,3.57142857142857,4.25531914893617,0,0.0439145939322834,0
"ASV91",32,37751.1560337255,7,20606.0137181678,39,58357.1697518933,"Bacteria","Firmicutes","Bacilli","Lactobacillales","Lactobacillaceae","Lactobacillus",NA,1e+06,5.83571697518933,69.6428571428571,68.0851063829787,77.7777777777778,3.77511560337255,2.06060137181678
"ASV751",0,0,2,110.9262544038,2,110.9262544038,"Bacteria","Actinobacteriota","Actinobacteria","Bifidobacteriales","Bifidobacteriaceae","Pseudoscardovia",NA,1e+06,0.01109262544038,3.57142857142857,0,22.2222222222222,0,0.01109262544038
"ASV21",26,520235.754458254,3,21172.8221984128,29,541408.576656667,"Bacteria","Firmicutes","Clostridia","Clostridiales","Clostridiaceae","Clostridium sensu stricto 1",NA,1e+06,54.1408576656667,51.7857142857143,55.3191489361702,33.3333333333333,52.0235754458255,2.11728221984128
"ASV356",3,927.355871823313,1,1218.75177144153,4,2146.10764326484,"Bacteria","Firmicutes","Bacilli","Lactobacillales","Lactobacillaceae","Lactobacillus",NA,1e+06,0.214610764326484,7.14285714285714,6.38297872340426,11.1111111111111,0.0927355871823313,0.121875177144153
"ASV830",0,0,2,181.525508506376,2,181.525508506376,"Bacteria","Bacteroidota","Bacteroidia","Bacteroidales","Rikenellaceae","Rikenellaceae RC9 gut group",NA,1e+06,0.0181525508506376,3.57142857142857,0,22.2222222222222,0,0.0181525508506376
"ASV54",12,55519.8648919696,4,4076.17002783075,16,59596.0349198003,"Bacteria","Bacteroidota","Bacteroidia","Bacteroidales","Prevotellaceae","Prevotella",NA,1e+06,5.95960349198003,28.5714285714286,25.531914893617,44.4444444444444,5.55198648919696,0.407617002783075
"ASV69",1,2756.24461670973,4,10339.9918899354,5,13096.2365066451,"Bacteria","Firmicutes","Clostridia","Lachnospirales","Lachnospiraceae","Anaerosporobacter",NA,1e+06,1.30962365066451,8.92857142857143,2.12765957446809,44.4444444444444,0.275624461670973,1.03399918899354
"ASV14",33,478539.80761956,9,68388.9141633812,42,546928.721782942,"Bacteria","Firmicutes","Negativicutes","Veillonellales-Selenomonadales","Veillonellaceae","Megasphaera",NA,1e+06,54.6928721782942,75,70.2127659574468,100,47.853980761956,6.83889141633812
"ASV182",9,7474.69333784034,6,3043.68041838216,15,10518.3737562225,"Bacteria","Firmicutes","Clostridia","Clostridiales","Clostridiaceae","Clostridium sensu stricto 1",NA,1e+06,1.05183737562225,26.7857142857143,19.1489361702128,66.6666666666667,0.747469333784034,0.304368041838216
"ASV41",21,167752.090250194,8,23317.8251791264,29,191069.91542932,"Bacteria","Firmicutes","Clostridia","Peptostreptococcales-Tissierellales","Peptostreptococcaceae","Intestinibacter",NA,1e+06,19.106991542932,51.7857142857143,44.6808510638298,88.8888888888889,16.7752090250194,2.33178251791264
"ASV197",1,569.638279692395,3,2392.00866603455,4,2961.64694572694,"Bacteria","Actinobacteriota","Actinobacteria","Bifidobacteriales","Bifidobacteriaceae","Bifidobacterium",NA,1e+06,0.296164694572695,7.14285714285714,2.12765957446809,33.3333333333333,0.0569638279692395,0.239200866603455
"ASV241",2,2008.72782925501,4,2455.78714875507,6,4464.51497801008,"Bacteria","Firmicutes","Clostridia","Clostridiales","Clostridiaceae","Clostridium sensu stricto 1",NA,1e+06,0.446451497801008,10.7142857142857,4.25531914893617,44.4444444444444,0.200872782925501,0.245578714875507
"ASV467",0,0,2,771.01906912407,2,771.01906912407,"Bacteria","Firmicutes","Bacilli","Lactobacillales","Lactobacillaceae","Lactobacillus",NA,1e+06,0.0771019069124071,3.57142857142857,0,22.2222222222222,0,0.0771019069124071
"ASV141",7,10820.9113961328,1,5929.05235654708,8,16749.9637526799,"Bacteria","Bacteroidota","Bacteroidia","Bacteroidales","Prevotellaceae","Prevotellaceae NK3B31 group",NA,1e+06,1.67499637526799,14.2857142857143,14.8936170212766,11.1111111111111,1.08209113961328,0.592905235654708
"ASV332",0,0,3,147.848703788429,3,147.848703788429,"Bacteria","Firmicutes","Clostridia","Clostridiales","Clostridiaceae","Clostridium sensu stricto 1",NA,1e+06,0.0147848703788429,5.35714285714286,0,33.3333333333333,0,0.0147848703788429
"ASV92",3,4026.42165277152,2,63.3067799280268,5,4089.72843269954,"Bacteria","Proteobacteria","Gammaproteobacteria","Aeromonadales","Succinivibrionaceae","Succinivibrionaceae UCG-001",NA,1e+06,0.408972843269954,8.92857142857143,6.38297872340426,22.2222222222222,0.402642165277152,0.00633067799280268
"ASV201",19,30239.0300637995,3,753.003349246641,22,30992.0334130461,"Bacteria","Firmicutes","Bacilli","Lactobacillales","Leuconostocaceae","Leuconostoc",NA,1e+06,3.09920334130461,39.2857142857143,40.4255319148936,33.3333333333333,3.02390300637995,0.0753003349246641
"ASV33",13,199459.371693565,6,31805.6158847939,19,231264.987578358,"Bacteria","Firmicutes","Clostridia","Clostridiales","Clostridiaceae","Clostridium sensu stricto 1",NA,1e+06,23.1264987578358,33.9285714285714,27.6595744680851,66.6666666666667,19.9459371693565,3.18056158847939
"ASV22",39,426442.525185423,8,63305.1160479492,47,489747.641233372,"Bacteria","Firmicutes","Bacilli","Lactobacillales","Lactobacillaceae","Lactobacillus",NA,1e+06,48.9747641233372,83.9285714285714,82.9787234042553,88.8888888888889,42.6442525185423,6.33051160479492
"ASV391",0,0,3,259.868834243358,3,259.868834243358,"Bacteria","Bacteroidota","Bacteroidia","Bacteroidales","Prevotellaceae","Prevotella",NA,1e+06,0.0259868834243358,5.35714285714286,0,33.3333333333333,0,0.0259868834243358
"ASV215",4,9023.40655868144,1,184.229918938836,5,9207.63647762028,"Bacteria","Firmicutes","Clostridia","Oscillospirales","Ruminococcaceae","Ruminococcus",NA,1e+06,0.920763647762028,8.92857142857143,8.51063829787234,11.1111111111111,0.902340655868144,0.0184229918938836
"ASV400",0,0,4,637.234649331016,4,637.234649331016,"Bacteria","Firmicutes","Bacilli","Lactobacillales","Lactobacillaceae","Lactobacillus",NA,1e+06,0.0637234649331016,7.14285714285714,0,44.4444444444444,0,0.0637234649331016
"ASV169",1,1489.64695367198,3,327.619451635705,4,1817.26640530768,"Bacteria","Bacteroidota","Bacteroidia","Bacteroidales","Prevotellaceae","Prevotella",NA,1e+06,0.181726640530768,7.14285714285714,2.12765957446809,33.3333333333333,0.148964695367198,0.0327619451635705
"ASV48",12,58665.0064227855,1,35963.2774211362,13,94628.2838439217,"Bacteria","Campilobacterota","Campylobacteria","Campylobacterales","Helicobacteraceae","Helicobacter","rappini",1e+06,9.46282838439217,23.2142857142857,25.531914893617,11.1111111111111,5.86650064227855,3.59632774211362
"ASV2729",0,0,2,62.4424578208564,2,62.4424578208564,"Bacteria","Firmicutes","Bacilli","Lactobacillales","Lactobacillaceae","Lactobacillus",NA,1e+06,0.00624424578208564,3.57142857142857,0,22.2222222222222,0,0.00624424578208564
"ASV148",4,1653.45983740946,4,1415.70831937319,8,3069.16815678265,"Bacteria","Bacteroidota","Bacteroidia","Bacteroidales","Prevotellaceae","Prevotellaceae NK3B31 group",NA,1e+06,0.306916815678265,14.2857142857143,8.51063829787234,44.4444444444444,0.165345983740946,0.141570831937319
"ASV138",3,6462.88910556214,3,2617.3741903279,6,9080.26329589004,"Bacteria","Firmicutes","Negativicutes","Veillonellales-Selenomonadales","Selenomonadaceae","Mitsuokella","jalaludinii",1e+06,0.908026329589004,10.7142857142857,6.38297872340426,33.3333333333333,0.646288910556214,0.26173741903279
"ASV175",4,4217.58717870895,4,139.977299214154,8,4357.5644779231,"Bacteria","Bacteroidota","Bacteroidia","Bacteroidales","Prevotellaceae","Prevotella",NA,1e+06,0.43575644779231,14.2857142857143,8.51063829787234,44.4444444444444,0.421758717870895,0.0139977299214154
"ASV2504",0,0,2,48.2655691690403,2,48.2655691690403,"Bacteria","Firmicutes","Bacilli","Erysipelotrichales","Erysipelotrichaceae","Turicibacter",NA,1e+06,0.00482655691690403,3.57142857142857,0,22.2222222222222,0,0.00482655691690403
"ASV2022",1,150.53439710974,2,25.8970610474141,3,176.431458157154,"Bacteria","Firmicutes","Bacilli","Lactobacillales","Lactobacillaceae","Lactobacillus",NA,1e+06,0.0176431458157154,5.35714285714286,2.12765957446809,22.2222222222222,0.015053439710974,0.00258970610474141
"ASV1444",0,0,2,43.3789187853632,2,43.3789187853632,"Bacteria","Firmicutes","Bacilli","Erysipelotrichales","Erysipelotrichaceae","Turicibacter",NA,1e+06,0.00433789187853632,3.57142857142857,0,22.2222222222222,0,0.00433789187853632
"ASV513",0,0,3,168.572853663847,3,168.572853663847,"Bacteria","Firmicutes","Clostridia","Clostridiales","Clostridiaceae","Clostridium sensu stricto 1",NA,1e+06,0.0168572853663847,5.35714285714286,0,33.3333333333333,0,0.0168572853663847
"ASV39",13,238194.516210171,2,175694.809516265,15,413889.325726436,"Bacteria","Firmicutes","Negativicutes","Veillonellales-Selenomonadales","Veillonellaceae","Veillonella",NA,1e+06,41.3889325726436,26.7857142857143,27.6595744680851,22.2222222222222,23.8194516210171,17.5694809516265
"ASV7",33,1779547.96929828,9,1106717.93547806,42,2886265.90477634,"Bacteria","Firmicutes","Clostridia","Peptostreptococcales-Tissierellales","Peptostreptococcaceae","Romboutsia",NA,1e+06,288.626590477634,75,70.2127659574468,100,177.954796929828,110.671793547806
"ASV544",0,0,3,50.1616261291069,3,50.1616261291069,"Bacteria","Firmicutes","Clostridia","Peptostreptococcales-Tissierellales","Peptostreptococcaceae","Terrisporobacter",NA,1e+06,0.00501616261291069,5.35714285714286,0,33.3333333333333,0,0.00501616261291069
"ASV23",13,243912.006813419,6,184782.043797228,19,428694.050610647,"Bacteria","Firmicutes","Bacilli","Lactobacillales","Lactobacillaceae","Lactobacillus","amylovorus",1e+06,42.8694050610647,33.9285714285714,27.6595744680851,66.6666666666667,24.3912006813419,18.4782043797228
"ASV259",5,23196.6129442655,0,0,5,23196.6129442655,"Bacteria","Firmicutes","Clostridia","Clostridiales","Clostridiaceae","Clostridium sensu stricto 1",NA,1e+06,2.31966129442655,8.92857142857143,10.6382978723404,0,2.31966129442655,0
"ASV134",3,3930.89517238215,2,2355.72550878248,5,6286.62068116463,"Bacteria","Bacteroidota","Bacteroidia","Bacteroidales","Prevotellaceae","Prevotellaceae NK3B31 group",NA,1e+06,0.628662068116463,8.92857142857143,6.38297872340426,22.2222222222222,0.393089517238215,0.235572550878248
"ASV6",33,1503651.59988828,9,132431.220187711,42,1636082.82007599,"Bacteria","Firmicutes","Bacilli","Lactobacillales","Streptococcaceae","Streptococcus",NA,1e+06,163.608282007599,75,70.2127659574468,100,150.365159988828,13.2431220187711
"ASV84",7,25661.6920046223,0,0,7,25661.6920046223,"Bacteria","Firmicutes","Clostridia","Lachnospirales","Lachnospiraceae","Agathobacter",NA,1e+06,2.56616920046223,12.5,14.8936170212766,0,2.56616920046223,0
"ASV116",7,28416.3897275669,0,0,7,28416.3897275669,"Bacteria","Bacteroidota","Bacteroidia","Bacteroidales","Prevotellaceae","Alloprevotella",NA,1e+06,2.84163897275669,12.5,14.8936170212766,0,2.84163897275669,0
"ASV748",0,0,2,56.9443334728505,2,56.9443334728505,"Bacteria","Firmicutes","Clostridia","Clostridiales","Clostridiaceae","Clostridium sensu stricto 1",NA,1e+06,0.00569443334728505,3.57142857142857,0,22.2222222222222,0,0.00569443334728505
"ASV1078",0,0,2,78.2918195930841,2,78.2918195930841,"Bacteria","Firmicutes","Clostridia","Clostridiales","Clostridiaceae","Clostridium sensu stricto 1",NA,1e+06,0.00782918195930841,3.57142857142857,0,22.2222222222222,0,0.00782918195930841
"ASV194",3,644.557422201699,0,0,3,644.557422201699,"Bacteria","Bacteroidota","Bacteroidia","Bacteroidales","Prevotellaceae","Prevotella",NA,1e+06,0.0644557422201699,5.35714285714286,6.38297872340426,0,0.0644557422201699,0
"ASV88",8,14650.1641033679,7,7457.85183736364,15,22108.0159407315,"Bacteria","Firmicutes","Clostridia","Lachnospirales","Lachnospiraceae","Blautia",NA,1e+06,2.21080159407315,26.7857142857143,17.0212765957447,77.7777777777778,1.46501641033679,0.745785183736364
"ASV250",6,2537.97659909182,4,3251.59761996059,10,5789.57421905241,"Bacteria","Actinobacteriota","Actinobacteria","Bifidobacteriales","Bifidobacteriaceae","Bifidobacterium",NA,1e+06,0.578957421905241,17.8571428571429,12.7659574468085,44.4444444444444,0.253797659909182,0.325159761996059
"ASV1140",0,0,3,148.398650233077,3,148.398650233077,"Bacteria","Firmicutes","Negativicutes","Veillonellales-Selenomonadales","Veillonellaceae","Megasphaera",NA,1e+06,0.0148398650233077,5.35714285714286,0,33.3333333333333,0,0.0148398650233077
"ASV86",10,28347.8923667317,2,2937.69143684984,12,31285.5838035815,"Bacteria","Firmicutes","Clostridia","Lachnospirales","Lachnospiraceae","Agathobacter",NA,1e+06,3.12855838035815,21.4285714285714,21.2765957446809,22.2222222222222,2.83478923667317,0.293769143684984
"ASV173",4,6938.22724147686,2,1867.49107491772,6,8805.71831639458,"Bacteria","Firmicutes","Clostridia","Oscillospirales","Oscillospiraceae","Oscillospira",NA,1e+06,0.880571831639458,10.7142857142857,8.51063829787234,22.2222222222222,0.693822724147686,0.186749107491772
"ASV64",1,196.553757452663,4,6332.62464205394,5,6529.17839950661,"Bacteria","Firmicutes","Clostridia","Lachnospirales","Lachnospiraceae","Lachnospiraceae UCG-007",NA,1e+06,0.652917839950661,8.92857142857143,2.12765957446809,44.4444444444444,0.0196553757452663,0.633262464205394
"ASV15",18,1139858.60739899,0,0,18,1139858.60739899,"Bacteria","Firmicutes","Clostridia","Clostridiales","Clostridiaceae","Clostridium sensu stricto 1",NA,1e+06,113.985860739899,32.1428571428571,38.2978723404255,0,113.985860739899,0
"ASV350",0,0,3,1734.81286499989,3,1734.81286499989,"Bacteria","Actinobacteriota","Coriobacteriia","Coriobacteriales","Atopobiaceae","Coriobacteriaceae UCG-002",NA,1e+06,0.173481286499989,5.35714285714286,0,33.3333333333333,0,0.173481286499989
"ASV211",9,7010.60302563034,5,1606.50136544856,14,8617.1043910789,"Bacteria","Firmicutes","Bacilli","Erysipelotrichales","Erysipelotrichaceae","Catenisphaera",NA,1e+06,0.86171043910789,25,19.1489361702128,55.5555555555556,0.701060302563034,0.160650136544856
"ASV16",23,622792.410006966,4,120832.929664749,27,743625.339671715,"Bacteria","Firmicutes","Bacilli","Lactobacillales","Lactobacillaceae","Lactobacillus",NA,1e+06,74.3625339671715,48.2142857142857,48.936170212766,44.4444444444444,62.2792410006966,12.0832929664749
